{
	"info": {
		"_postman_id": "764ffba0-510d-4420-99f7-ba2747f2eecf",
		"name": "TTPS",
		"schema": "https://schema.getpostman.com/json/collection/v2.1.0/collection.json"
	},
	"item": [
		{
			"name": "create-user",
			"request": {
				"method": "POST",
				"header": [
					{
						"key": "Content-Type",
						"name": "Content-Type",
						"value": "application/json",
						"type": "text"
					},
					{
						"key": "Authorization",
						"value": "1-12345",
						"type": "text"
					}
				],
				"body": {
					"mode": "raw",
					"raw": "{\n\t\"email\":\"federico@federico.com\",\n\t\"firstName\":\"federico\",\n\t\"lastName\":\"federico\",\n\t\"type\":\"admin\",\n\t\"password\":\"federico1234\"\n}"
				},
				"url": {
					"raw": "http://localhost:8080/grupo23_war_exploded/user-controller/create",
					"protocol": "http",
					"host": [
						"localhost"
					],
					"port": "8080",
					"path": [
						"grupo23_war_exploded",
						"user-controller",
						"create"
					]
				}
			},
			"response": []
		},
		{
			"name": "create-user-2",
			"request": {
				"method": "POST",
				"header": [
					{
						"key": "Content-Type",
						"name": "Content-Type",
						"value": "application/json",
						"type": "text"
					},
					{
						"key": "Authorization",
						"value": "1-12345",
						"type": "text"
					}
				],
				"body": {
					"mode": "raw",
					"raw": "{\n\t\"email\":\"andres@andres.com\",\n\t\"firstName\":\"andres\",\n\t\"lastName\":\"andres\",\n\t\"type\":\"admin\",\n\t\"password\":\"andres1234\"\n}"
				},
				"url": {
					"raw": "http://localhost:8080/grupo23_war_exploded/user-controller/create",
					"protocol": "http",
					"host": [
						"localhost"
					],
					"port": "8080",
					"path": [
						"grupo23_war_exploded",
						"user-controller",
						"create"
					]
				}
			},
			"response": []
		},
		{
			"name": "create-category",
			"request": {
				"method": "POST",
				"header": [
					{
						"key": "Content-Type",
						"name": "Content-Type",
						"value": "application/json",
						"type": "text"
					},
					{
						"key": "Authorization",
						"value": "1-12345",
						"type": "text"
					}
				],
				"body": {
					"mode": "raw",
					"raw": "{\n\t\"name\":\"ayed\",\n\t\"writePermisson\":true\n}"
				},
				"url": {
					"raw": "http://localhost:8080/grupo23_war_exploded/category-controller/create",
					"protocol": "http",
					"host": [
						"localhost"
					],
					"port": "8080",
					"path": [
						"grupo23_war_exploded",
						"category-controller",
						"create"
					]
				}
			},
			"response": []
		},
		{
			"name": "set-categories-to-user",
			"request": {
				"method": "POST",
				"header": [
					{
						"key": "Content-Type",
						"name": "Content-Type",
						"value": "application/json",
						"type": "text"
					},
					{
						"key": "Authorization",
						"value": "1-12345",
						"type": "text"
					}
				],
				"body": {
					"mode": "raw",
					"raw": "{\n\t\"user\":{\n\t\t\"email\":\"walter@walter.com\"\n\t},\n\t\"categories\":[\n\t\t{\n\t\t\t\"name\":\"ayed\"\n\t\t},\n\t\t{\n\t\t\t\"name\":\"cadp\"\n\t\t}\n\t]\n\t\n}"
				},
				"url": {
					"raw": "http://localhost:8080/grupo23_war_exploded/user-controller/set-categories",
					"protocol": "http",
					"host": [
						"localhost"
					],
					"port": "8080",
					"path": [
						"grupo23_war_exploded",
						"user-controller",
						"set-categories"
					]
				}
			},
			"response": []
		},
		{
			"name": "set-categories-to-user-2",
			"request": {
				"method": "POST",
				"header": [
					{
						"key": "Content-Type",
						"name": "Content-Type",
						"value": "application/json",
						"type": "text"
					},
					{
						"key": "Authorization",
						"value": "3-12345",
						"type": "text"
					}
				],
				"body": {
					"mode": "raw",
					"raw": "{\n\t\"user\":{\n\t\t\"email\":\"andres@andres.com\"\n\t},\n\t\"categories\":[\n\t\t{\n\t\t\t\"name\":\"ayed\"\n\t\t},\n\t\t{\n\t\t\t\"name\":\"cadp\"\n\t\t}\n\t]\n\t\n}"
				},
				"url": {
					"raw": "http://localhost:8080/grupo23_war_exploded/user-controller/set-categories",
					"protocol": "http",
					"host": [
						"localhost"
					],
					"port": "8080",
					"path": [
						"grupo23_war_exploded",
						"user-controller",
						"set-categories"
					]
				}
			},
			"response": []
		},
		{
			"name": "user-login",
			"request": {
				"method": "POST",
				"header": [
					{
						"key": "Content-Type",
						"value": "application/json",
						"type": "text"
					},
					{
						"key": "",
						"value": "",
						"type": "text",
						"disabled": true
					},
					{
						"key": "",
						"value": "",
						"type": "text",
						"disabled": true
					}
				],
				"body": {
					"mode": "raw",
					"raw": ""
				},
				"url": {
					"raw": "http://localhost:8080/grupo23_war_exploded/user-controller/login?user-name=walter@walter.com&user-password=walter1234",
					"protocol": "http",
					"host": [
						"localhost"
					],
					"port": "8080",
					"path": [
						"grupo23_war_exploded",
						"user-controller",
						"login"
					],
					"query": [
						{
							"key": "user-name",
							"value": "walter@walter.com"
						},
						{
							"key": "user-password",
							"value": "walter1234"
						}
					]
				}
			},
			"response": []
		},
		{
			"name": "create-billboard",
			"request": {
				"method": "POST",
				"header": [
					{
						"key": "Content-Type",
						"name": "Content-Type",
						"value": "application/json",
						"type": "text"
					},
					{
						"key": "Authorization",
						"value": "1-12345",
						"type": "text"
					}
				],
				"body": {
					"mode": "raw",
					"raw": "{\n\t\"billboard\":{\n\t\t\"title\":\"PrimerAnio\",\n\t\t\"description\":\"Materias de primer anio\",\n\t\t\"date\":\"2018-12-12\"\n\t},\n\t\"user\":{\n\t\t\"email\":\"walter@walter.com\"\n\t}\n\t\n}"
				},
				"url": {
					"raw": "http://localhost:8080/grupo23_war_exploded/user-controller/create-billboard",
					"protocol": "http",
					"host": [
						"localhost"
					],
					"port": "8080",
					"path": [
						"grupo23_war_exploded",
						"user-controller",
						"create-billboard"
					]
				}
			},
			"response": []
		},
		{
			"name": "create-billboard-2",
			"request": {
				"method": "POST",
				"header": [
					{
						"key": "Content-Type",
						"name": "Content-Type",
						"value": "application/json",
						"type": "text"
					},
					{
						"key": "Authorization",
						"value": "1-12345",
						"type": "text"
					}
				],
				"body": {
					"mode": "raw",
					"raw": "{\n\t\"billboard\":{\n\t\t\"title\":\"SegundoAnio\",\n\t\t\"description\":\"Materias de Segundo anio\",\n\t\t\"date\":\"2018-12-12\"\n\t},\n\t\"user\":{\n\t\t\"email\":\"walter@walter.com\"\n\t}\n\t\n}"
				},
				"url": {
					"raw": "http://localhost:8080/grupo23_war_exploded/user-controller/create-billboard",
					"protocol": "http",
					"host": [
						"localhost"
					],
					"port": "8080",
					"path": [
						"grupo23_war_exploded",
						"user-controller",
						"create-billboard"
					]
				}
			},
			"response": []
		},
		{
			"name": "set-categories-to-billboard",
			"request": {
				"method": "POST",
				"header": [
					{
						"key": "Content-Type",
						"name": "Content-Type",
						"value": "application/json",
						"type": "text"
					},
					{
						"key": "Authorization",
						"value": "1-12345",
						"type": "text"
					}
				],
				"body": {
					"mode": "raw",
					"raw": "{\n\t\"billboard\":{\n\t\t\"title\":\"PrimerAnio\"\n\t},\n\t\"categories\":[\n\t\t{\n\t\t\t\"name\":\"ayed\"\n\t\t},\n\t\t{\n\t\t\t\"name\":\"cadp\"\n\t\t}\n\t]\n\t\n}"
				},
				"url": {
					"raw": "http://localhost:8080/grupo23_war_exploded/billboard-controller/set-categories",
					"protocol": "http",
					"host": [
						"localhost"
					],
					"port": "8080",
					"path": [
						"grupo23_war_exploded",
						"billboard-controller",
						"set-categories"
					]
				}
			},
			"response": []
		},
		{
			"name": "set-categories-to-billboard-2",
			"request": {
				"method": "POST",
				"header": [
					{
						"key": "Content-Type",
						"name": "Content-Type",
						"value": "application/json",
						"type": "text"
					},
					{
						"key": "Authorization",
						"value": "1-12345",
						"type": "text"
					}
				],
				"body": {
					"mode": "raw",
					"raw": "{\n\t\"billboard\":{\n\t\t\"title\":\"SegundoAnio\"\n\t},\n\t\"categories\":[\n\t\t{\n\t\t\t\"name\":\"cadp\"\n\t\t},\n\t\t{\n\t\t\t\"name\":\"ayed\"\n\t\t}\n\t]\n\t\n}"
				},
				"url": {
					"raw": "http://localhost:8080/grupo23_war_exploded/billboard-controller/set-categories",
					"protocol": "http",
					"host": [
						"localhost"
					],
					"port": "8080",
					"path": [
						"grupo23_war_exploded",
						"billboard-controller",
						"set-categories"
					]
				}
			},
			"response": []
		},
		{
			"name": "create-publication",
			"request": {
				"method": "POST",
				"header": [
					{
						"key": "Content-Type",
						"name": "Content-Type",
						"value": "application/json",
						"type": "text"
					},
					{
						"key": "Authorization",
						"value": "1-12345",
						"type": "text"
					}
				],
				"body": {
					"mode": "raw",
					"raw": "{\n\t\"publication\":{\n\t\t\"title\":\"Recuperatorio\",\n\t\t\"body\":\"Recuperatorio del primer parcial\",\n\t\t\"date\":\"2018-12-12\",\n\t\t\"enableComments\":true\n\t},\n\t\"user\":{\n\t\t\"email\":\"walter@walter.com\"\n\t},\n\t\"billboard\":{\n\t\t\"title\":\"PrimerAnio\"\n\t}\n}"
				},
				"url": {
					"raw": "http://localhost:8080/grupo23_war_exploded/publication-controller/create",
					"protocol": "http",
					"host": [
						"localhost"
					],
					"port": "8080",
					"path": [
						"grupo23_war_exploded",
						"publication-controller",
						"create"
					]
				}
			},
			"response": []
		},
		{
			"name": "create-publication-2",
			"request": {
				"method": "POST",
				"header": [
					{
						"key": "Content-Type",
						"name": "Content-Type",
						"value": "application/json",
						"type": "text"
					},
					{
						"key": "Authorization",
						"value": "1-12345",
						"type": "text"
					}
				],
				"body": {
					"mode": "raw",
					"raw": "{\n\t\"publication\":{\n\t\t\"title\":\"Recuperatorio\",\n\t\t\"body\":\"Recuperatorio del primer parcial\",\n\t\t\"date\":\"2018-12-12\",\n\t\t\"enableComments\":true\n\t},\n\t\"user\":{\n\t\t\"email\":\"walter@walter.com\"\n\t},\n\t\"billboard\":{\n\t\t\"title\":\"PrimerAnio\"\n\t}\n}"
				},
				"url": {
					"raw": "http://localhost:8080/grupo23_war_exploded/publication-controller/create",
					"protocol": "http",
					"host": [
						"localhost"
					],
					"port": "8080",
					"path": [
						"grupo23_war_exploded",
						"publication-controller",
						"create"
					]
				}
			},
			"response": []
		},
		{
			"name": "get-billboards-from-user",
			"request": {
				"method": "GET",
				"header": [
					{
						"key": "Authorization",
						"value": "1-12345",
						"type": "text"
					}
				],
				"body": {
					"mode": "raw",
					"raw": ""
				},
				"url": {
					"raw": "http://localhost:8080/grupo23_war_exploded/user-controller/get-billboards?userName=walter@walter.com",
					"protocol": "http",
					"host": [
						"localhost"
					],
					"port": "8080",
					"path": [
						"grupo23_war_exploded",
						"user-controller",
						"get-billboards"
					],
					"query": [
						{
							"key": "userName",
							"value": "walter@walter.com"
						}
					]
				}
			},
			"response": []
		},
		{
			"name": "get-all-billboards",
			"request": {
				"method": "GET",
				"header": [
					{
						"key": "Authorization",
						"value": "1-12345",
						"type": "text"
					}
				],
				"body": {
					"mode": "raw",
					"raw": ""
				},
				"url": {
					"raw": "http://localhost:8080/grupo23_war_exploded/billboard-controller/get-billboards",
					"protocol": "http",
					"host": [
						"localhost"
					],
					"port": "8080",
					"path": [
						"grupo23_war_exploded",
						"billboard-controller",
						"get-billboards"
					]
				}
			},
			"response": []
		},
		{
			"name": "get-publications-from-billboard",
			"request": {
				"method": "POST",
				"header": [
					{
						"key": "Authorization",
						"value": "1-12345",
						"type": "text"
					},
					{
						"key": "Content-Type",
						"name": "Content-Type",
						"value": "application/json",
						"type": "text"
					}
				],
				"body": {
					"mode": "raw",
					"raw": "{\n\t\"title\":\"PrimerAnio\"\n}"
				},
				"url": {
					"raw": "http://localhost:8080/grupo23_war_exploded/billboard-controller/get-publications",
					"protocol": "http",
					"host": [
						"localhost"
					],
					"port": "8080",
					"path": [
						"grupo23_war_exploded",
						"billboard-controller",
						"get-publications"
					],
					"query": [
						{
							"key": "title",
							"value": "PrimerAnio",
							"disabled": true
						}
					]
				}
			},
			"response": []
		}
	]
}